profile,seed,success,fault,baseline_errors,baseline_symbols,baseline_ber,trained_errors,trained_symbols,trained_ber,trained_ber_95_upper,ctle_code,dfe_tap_codes,ideal_dfe_tap_codes,max_tap_code_error,training_windows,return_code
short,1,True,none,0,500000,0,0,500000,0,6e-06,2,"[1, -7, 2]","[1, -7, 2]",0,6,0
short,2,True,none,0,500000,0,0,500000,0,6e-06,2,"[1, -7, 2]","[1, -7, 2]",0,14,0
short,3,True,none,0,500000,0,0,500000,0,6e-06,2,"[1, -7, 2]","[1, -7, 2]",0,6,0
short,4,True,none,0,500000,0,0,500000,0,6e-06,2,"[1, -7, 2]","[1, -7, 2]",0,6,0
short,5,True,none,0,500000,0,0,500000,0,6e-06,2,"[1, -7, 2]","[1, -7, 2]",0,6,0
short,6,True,none,0,500000,0,0,500000,0,6e-06,2,"[1, -7, 2]","[1, -7, 2]",0,6,0
short,7,True,none,0,500000,0,0,500000,0,6e-06,2,"[1, -7, 2]","[1, -7, 2]",0,13,0
short,8,True,none,0,500000,0,0,500000,0,6e-06,2,"[1, -7, 2]","[1, -7, 2]",0,6,0
short,9,True,none,0,500000,0,0,500000,0,6e-06,2,"[1, -7, 2]","[1, -7, 2]",0,12,0
short,10,True,none,0,500000,0,0,500000,0,6e-06,2,"[1, -7, 2]","[1, -7, 2]",0,9,0
short,11,True,none,0,500000,0,0,500000,0,6e-06,2,"[1, -7, 2]","[1, -7, 2]",0,6,0
short,12,True,none,0,500000,0,0,500000,0,6e-06,2,"[1, -7, 2]","[1, -7, 2]",0,6,0
short,13,True,none,0,500000,0,0,500000,0,6e-06,2,"[1, -7, 2]","[1, -7, 2]",0,6,0
short,14,True,none,0,500000,0,0,500000,0,6e-06,2,"[1, -7, 2]","[1, -7, 2]",0,6,0
short,15,True,none,0,500000,0,0,500000,0,6e-06,2,"[1, -7, 2]","[1, -7, 2]",0,10,0
short,16,True,none,0,500000,0,0,500000,0,6e-06,2,"[1, -7, 2]","[1, -7, 2]",0,10,0
short,17,True,none,0,500000,0,0,500000,0,6e-06,2,"[1, -7, 2]","[1, -7, 2]",0,13,0
short,18,True,none,0,500000,0,0,500000,0,6e-06,2,"[1, -7, 2]","[1, -7, 2]",0,14,0
short,19,True,none,0,500000,0,0,500000,0,6e-06,2,"[1, -7, 2]","[1, -7, 2]",0,6,0
short,20,True,none,0,500000,0,0,500000,0,6e-06,2,"[1, -7, 2]","[1, -7, 2]",0,9,0
short,21,True,none,0,500000,0,0,500000,0,6e-06,2,"[1, -7, 2]","[1, -7, 2]",0,6,0
short,22,True,none,0,500000,0,0,500000,0,6e-06,2,"[1, -7, 2]","[1, -7, 2]",0,10,0
short,23,True,none,0,500000,0,0,500000,0,6e-06,2,"[1, -7, 2]","[1, -7, 2]",0,6,0
short,24,True,none,0,500000,0,0,500000,0,6e-06,2,"[1, -7, 2]","[1, -7, 2]",0,7,0
short,25,True,none,0,500000,0,0,500000,0,6e-06,2,"[1, -7, 2]","[1, -7, 2]",0,6,0
medium,1,True,none,45089,500000,0.090178,0,500000,0,6e-06,4,"[13, -36, 17]","[13, -36, 17]",0,19,0
medium,2,True,none,45796,500000,0.091592,0,500000,0,6e-06,4,"[13, -36, 17]","[13, -36, 17]",0,19,0
medium,3,True,none,45941,500000,0.091882,0,500000,0,6e-06,4,"[13, -36, 17]","[13, -36, 17]",0,18,0
medium,4,True,none,45624,500000,0.091248,0,500000,0,6e-06,4,"[13, -36, 17]","[13, -36, 17]",0,19,0
medium,5,True,none,45828,500000,0.091656,0,500000,0,6e-06,4,"[13, -36, 17]","[13, -36, 17]",0,17,0
medium,6,True,none,45617,500000,0.091234,0,500000,0,6e-06,4,"[13, -36, 17]","[13, -36, 17]",0,17,0
medium,7,True,none,45754,500000,0.091508,0,500000,0,6e-06,4,"[13, -36, 17]","[13, -36, 17]",0,19,0
medium,8,True,none,45390,500000,0.09078,0,500000,0,6e-06,4,"[13, -36, 17]","[13, -36, 17]",0,17,0
medium,9,True,none,46108,500000,0.092216,0,500000,0,6e-06,4,"[13, -36, 17]","[13, -36, 17]",0,19,0
medium,10,True,none,45805,500000,0.09161,0,500000,0,6e-06,4,"[13, -36, 17]","[13, -36, 17]",0,20,0
medium,11,True,none,45822,500000,0.091644,0,500000,0,6e-06,4,"[13, -36, 17]","[13, -36, 17]",0,18,0
medium,12,True,none,46055,500000,0.09211,0,500000,0,6e-06,4,"[13, -36, 17]","[13, -36, 17]",0,21,0
medium,13,True,none,45755,500000,0.09151,0,500000,0,6e-06,3,"[19, -32, 15]","[19, -32, 15]",0,16,0
medium,14,True,none,45640,500000,0.09128,0,500000,0,6e-06,4,"[13, -36, 17]","[13, -36, 17]",0,18,0
medium,15,True,none,45645,500000,0.09129,0,500000,0,6e-06,4,"[13, -36, 17]","[13, -36, 17]",0,17,0
medium,16,True,none,45734,500000,0.091468,0,500000,0,6e-06,4,"[13, -36, 17]","[13, -36, 17]",0,17,0
medium,17,True,none,45169,500000,0.090338,0,500000,0,6e-06,4,"[13, -36, 17]","[13, -36, 17]",0,17,0
medium,18,True,none,45602,500000,0.091204,0,500000,0,6e-06,3,"[19, -32, 15]","[19, -32, 15]",0,18,0
medium,19,True,none,45745,500000,0.09149,0,500000,0,6e-06,4,"[13, -36, 17]","[13, -36, 17]",0,17,0
medium,20,True,none,45728,500000,0.091456,0,500000,0,6e-06,4,"[13, -36, 17]","[13, -36, 17]",0,17,0
medium,21,True,none,45547,500000,0.091094,0,500000,0,6e-06,4,"[13, -36, 17]","[13, -36, 17]",0,19,0
medium,22,True,none,45915,500000,0.09183,0,500000,0,6e-06,4,"[13, -36, 17]","[13, -36, 17]",0,18,0
medium,23,True,none,45592,500000,0.091184,0,500000,0,6e-06,4,"[13, -36, 17]","[13, -36, 17]",0,18,0
medium,24,True,none,46015,500000,0.09203,0,500000,0,6e-06,4,"[13, -36, 17]","[13, -36, 17]",0,18,0
medium,25,True,none,45638,500000,0.091276,0,500000,0,6e-06,3,"[19, -32, 15]","[19, -32, 15]",0,16,0
long,1,True,none,98998,500000,0.197996,0,500000,0,6e-06,3,"[32, -47, 26]","[32, -48, 26]",1,21,0
long,2,True,none,100318,500000,0.200636,9,500000,1.8e-05,3.093854645e-05,3,"[32, -47, 26]","[32, -48, 26]",1,22,0
long,3,True,none,100217,500000,0.200434,9,500000,1.8e-05,3.093854645e-05,3,"[32, -48, 26]","[32, -48, 26]",0,25,0
long,4,True,none,100005,500000,0.20001,3,500000,6e-06,1.501309981e-05,3,"[32, -47, 26]","[32, -48, 26]",1,22,0
long,5,True,none,100043,500000,0.200086,2,500000,4e-06,1.208732034e-05,3,"[32, -47, 26]","[32, -48, 26]",1,21,0
long,6,True,none,99879,500000,0.199758,10,500000,2e-05,3.345429443e-05,3,"[32, -47, 26]","[32, -48, 26]",1,23,0
long,7,True,none,100448,500000,0.200896,12,500000,2.4e-05,3.841784745e-05,3,"[32, -47, 26]","[32, -48, 26]",1,22,0
long,8,True,none,99751,500000,0.199502,20,500000,4e-05,5.766366664e-05,3,"[32, -47, 26]","[32, -48, 26]",1,23,0
long,9,True,none,100458,500000,0.200916,14,500000,2.8e-05,4.33079341e-05,3,"[32, -47, 27]","[32, -48, 26]",1,23,0
long,10,True,none,100491,500000,0.200982,25,500000,5e-05,6.93743247e-05,3,"[32, -47, 26]","[32, -48, 26]",1,21,0
long,11,True,none,99938,500000,0.199876,7,500000,1.4e-05,2.581990436e-05,3,"[32, -48, 26]","[32, -48, 26]",0,23,0
long,12,True,none,100330,500000,0.20066,3,500000,6e-06,1.501309981e-05,3,"[32, -47, 26]","[32, -48, 26]",1,21,0
long,13,True,none,99696,500000,0.199392,18,500000,3.6e-05,5.292186995e-05,3,"[32, -47, 26]","[32, -48, 26]",1,21,0
long,14,True,none,100341,500000,0.200682,1,500000,2e-06,8.964851416e-06,3,"[32, -47, 26]","[32, -48, 26]",1,22,0
long,15,True,none,99999,500000,0.199998,15,500000,3e-05,4.573018382e-05,3,"[32, -47, 26]","[32, -48, 26]",1,23,0
long,16,True,none,99790,500000,0.19958,8,500000,1.6e-05,2.839538313e-05,3,"[32, -48, 26]","[32, -48, 26]",0,23,0
long,17,True,none,99196,500000,0.198392,0,500000,0,6e-06,3,"[32, -47, 26]","[32, -48, 26]",1,22,0
long,18,True,none,100037,500000,0.200074,0,500000,0,6e-06,3,"[32, -47, 27]","[32, -48, 26]",1,21,0
long,19,True,none,100030,500000,0.20006,6,500000,1.2e-05,2.320554901e-05,3,"[32, -47, 27]","[32, -48, 26]",1,21,0
long,20,True,none,100096,500000,0.200192,3,500000,6e-06,1.501309981e-05,3,"[32, -47, 26]","[32, -48, 26]",1,23,0
long,21,True,none,99844,500000,0.199688,0,500000,0,6e-06,3,"[32, -47, 26]","[32, -48, 26]",1,23,0
long,22,True,none,100279,500000,0.200558,21,500000,4.2e-05,6.002109509e-05,3,"[32, -47, 26]","[32, -48, 26]",1,21,0
long,23,True,none,99591,500000,0.199182,5,500000,1e-05,2.054318027e-05,3,"[32, -47, 26]","[32, -48, 26]",1,21,0
long,24,True,none,100378,500000,0.200756,1,500000,2e-06,8.964851416e-06,3,"[32, -48, 26]","[32, -48, 26]",0,26,0
long,25,True,none,100015,500000,0.20003,15,500000,3e-05,4.573018382e-05,3,"[32, -47, 26]","[32, -48, 26]",1,22,0
